one_axis_grid_points,ngrid_points,weight,ongrid,neargrid,neargrid-weight
60,216000,418.29296875,399.11328125,399.61328125,399.61328125
120,1728000,974.6484375,737.3828125,737.6328125,737.6328125
180,5832000,2484.515625,1510.02734375,1599.71484375,1600.49609375
240,13824000,4977.87109375,2872.1015625,3148.98828125,3149.73046875
300,27000000,9810.1328125,5437.5234375,5954.515625,5955.48828125
400,64000000,22834.36328125,11792.3828125,13019.78125,13022.58984375
