one_axis_grid_points,ngrid_points,weight,ongrid,neargrid,neargrid-weight
60,216000,0.8561654862358452,0.8469783864075602,0.8343932770321132,0.8457545150536543
120,1728000,0.8582313594966795,0.8563477643212369,0.849315343612215,0.8523916224895238
180,5832000,0.858600487295309,0.8522544766892892,0.8539706572324288,0.8551293941843312
240,13824000,0.8587265866975109,0.849889109559717,0.8565390269408137,0.8569037518785656
300,27000000,0.8587948962802177,0.8481284199867449,0.8563423462804067,0.8569311865723943
