one_axis_grid_points,ngrid_points,ongrid,neargrid,weight
60,216000,0.846978,0.8343930000000004,0.8561650000000007
120,1728000,0.8563480000000006,0.8493150000000007,0.858231
180,5832000,0.8522540000000003,0.8539709999999996,0.8585999999999991
240,13824000,0.8498889999999992,0.8565389999999997,0.858727
300,27000000,0.8481280000000009,0.8563419999999997,0.8587950000000006
