one_axis_grid_points,ngrid_points,ongrid,neargrid,weight,neargrid-weight
60,216000,1.934067964553833,1.9360081911087037,1.9780462026596068,1.9620023250579834
120,1728000,2.919937825202942,2.8912407875061037,3.227555274963379,2.961564040184021
180,5832000,6.041040635108947,5.950384497642517,6.829300212860107,6.147303438186645
240,13824000,11.438446593284606,11.710174632072448,14.168619966506958,12.045489263534545
300,27000000,21.612559580802916,21.10438072681427,26.8710994720459,21.616801452636718
