one_axis_grid_points,ngrid_points,ongrid,neargrid,weight
60,216000,0.2973568201065063,0.35302708148956297,0.20028326511383057
120,1728000,2.215079665184021,2.7721114635467528,1.5889905929565429
180,5832000,7.550017905235291,9.376514768600464,5.570273447036743
240,13824000,18.007173204421996,22.895428562164305,13.554853558540344
300,27000000,37.48807804584503,47.36123747825623,27.472939682006835
